{"sane": true, "normalizes": true, "range": true, "log_prob": -960.2811489766464, "avg_log_prob": -1.9205622979532928, "perplexity": 6.824794958801542}